Result Title,URL
Organizing and Executing Selenium Code | Selenium,https://www.selenium.dev/documentation/webdriver/getting_started/using_selenium/
Browser Options | Selenium,https://www.selenium.dev/documentation/webdriver/drivers/options/
Selenium - Wikipedia,https://en.wikipedia.org/wiki/Selenium
Top 25 Selenium WebDriver Commands That You Should Know,https://www.softwaretestinghelp.com/selenium-webdriver-commands-selenium-tutorial-17/
"JavaScript alerts, prompts and confirmations | Selenium",https://www.selenium.dev/documentation/webdriver/interactions/alerts/
Top 10 Selenium Exceptions and How To Handle These (Exact Code),https://www.softwaretestinghelp.com/exception-handling-framework-selenium-tutorial-19/
Web Scraping Tutorial Using Selenium & Python (+ examples),https://www.scrapingbee.com/blog/selenium-python/
Selenium Interview Questions - GeeksforGeeks,https://www.geeksforgeeks.org/selenium-interview-questions/
How To Handle Alerts and Pop-ups In Selenium | Edureka,https://www.edureka.co/blog/alerts-popups-in-selenium
Selenium WebDriver: Handling Exceptions | Blog | Digital.ai,https://digital.ai/catalyst-blog/how-to-handle-exceptions-in-selenium-webdriver/
Selenium Locating Strategies - GeeksforGeeks,https://www.geeksforgeeks.org/selenium-locating-strategies/
Waiting Strategies | Selenium,https://www.selenium.dev/documentation/webdriver/waits/
Components of Selenium - GeeksforGeeks,https://www.geeksforgeeks.org/components-of-selenium/
Extracting Website Elements with BeautifulSoup and Selenium in Python,https://onexception.dev/news/1263267/website-element-extraction-with-beautifulsoup-and-selenium
How to Handle Alerts/Popups in Selenium WebDriver - Selenium Tutorial #16,https://www.softwaretestinghelp.com/handle-alerts-popups-selenium-webdriver-selenium-tutorial-16/
Learn How To Build and Execute Selenium Projects | Edureka,https://www.edureka.co/blog/selenium-projects/
Selenium Website Blocking in Virtualized Environments: A Solution,https://www.onexception.dev/news/1255627/selenium-in-virtualized-environments-overcoming-blocks
Chrome specific functionality | Selenium,https://www.selenium.dev/documentation/webdriver/browsers/chrome/?tab=python
What is Selenium? - Codecademy Blog,https://www.codecademy.com/resources/blog/what-is-selenium/
Introduction to Selenium WebDriver - GeeksforGeeks,https://www.geeksforgeeks.org/introduction-to-selenium-webdriver/
An Introduction to Selenium with Python | CodeForGeek,https://codeforgeek.com/introduction-to-selenium/
Edge specific functionality | Selenium,https://www.selenium.dev/documentation/webdriver/browsers/edge/
Unable to connect to website when using selenium-wire and ... - Reddit,https://www.reddit.com/r/learnprogramming/comments/1cxstx1/unable_to_connect_to_website_when_using/
